ID	factionName	color	foundingYear	dissolutionYear	2271	2317	2319	2341	2367	2571	2596	2750	2765	2767	2783	2786	2821	2822	2830	2864	3025	3030	3040	3049	3050a	3050b	3050c	3051	3052	3057	3058	3059a	3059b	3059c	3059d	3063	3067	3068	3075	3079	3081	3085	3095	3130	3135	3145	3151	3152	
A	Abandoned	#202020	N/A	N/A	  -   	  -   	  -   	  5 	  6 	  11 	  4 	  1 	  3 	  3 	  6 	  8 	  141 	  147 	  165 	  383 	  803 	  817 	  817 	  813 	  813 	  813 	  813 	  813 	  813 	  813 	  813 	  813 	  813 	  813 	  813 	  813 	  813 	  815 	  851 	  851 	  857 	  862 	  854 	  854 	  855 	  855 	  855 	  171 	  862 
AB	Azami Brotherhood	#C76555	3071	3081	  -   	  -   	  -   	  -   	  -   	  -   	  -   	  -   	  -   	  -   	  -   	  -   	  -   	  -   	  -   	  -   	  -   	  -   	  -   	  -   	  -   	  -   	  -   	  -   	  -   	  -   	  -   	  -   	  -   	  -   	  -   	  -   	  -   	  -   	  5 	  5 	  -   	  -   	  -   	  -   	  -   	  -   	  -   	  -   	  5 
AC	Azami Caliphate	#C76555	2450	2516	  -   	  -   	  -   	  -   	  -   	  -   	  -   	  -   	  -   	  -   	  -   	  -   	  -   	  -   	  -   	  -   	  -   	  -   	  -   	  -   	  -   	  -   	  -   	  -   	  -   	  -   	  -   	  -   	  -   	  -   	  -   	  -   	  -   	  -   	  -   	  -   	  -   	  -   	  -   	  -   	  -   	  -   	  -   	  -   	  -   
AE	Amaris Empire	#5D8593	2767	2779	  -   	  -   	  -   	  -   	  -   	  -   	  -   	  -   	  -   	  146 	  -   	  -   	  -   	  -   	  -   	  -   	  -   	  -   	  -   	  -   	  -   	  -   	  -   	  -   	  -   	  -   	  -   	  -   	  -   	  -   	  -   	  -   	  -   	  -   	  -   	  -   	  -   	  -   	  -   	  -   	  -   	  -   	  -   	  -   	  146 
AG	Alliance of Galedon	#EC2027	2302	2319	  -   	  15 	  51 	  -   	  -   	  -   	  -   	  -   	  -   	  -   	  -   	  -   	  -   	  -   	  -   	  -   	  -   	  -   	  -   	  -   	  -   	  -   	  -   	  -   	  -   	  -   	  -   	  -   	  -   	  -   	  -   	  -   	  -   	  -   	  -   	  -   	  -   	  -   	  -   	  -   	  -   	  -   	  -   	  -   	  51 
ALC	Arc-Royal Liberty Coalition	#78B7E3	3151		  -   	  -   	  -   	  -   	  -   	  -   	  -   	  -   	  -   	  -   	  -   	  -   	  -   	  -   	  -   	  -   	  -   	  -   	  -   	  -   	  -   	  -   	  -   	  -   	  -   	  -   	  -   	  -   	  -   	  -   	  -   	  -   	  -   	  -   	  -   	  -   	  -   	  -   	  -   	  -   	  -   	  -   	  2 	  5 	  5 
AML	Alyina Mercantile League	#00B38C	3151		  -   	  -   	  -   	  -   	  -   	  -   	  -   	  -   	  -   	  -   	  -   	  -   	  -   	  -   	  -   	  -   	  -   	  -   	  -   	  -   	  -   	  -   	  -   	  -   	  -   	  -   	  -   	  -   	  -   	  -   	  -   	  -   	  -   	  -   	  -   	  -   	  -   	  -   	  -   	  -   	  -   	  -   	  8 	  9 	  9 
AP	Axumite Providence	#877776	2245		  2 	  2 	  2 	  2 	  2 	  2 	  2 	  12 	  12 	  12 	  12 	  12 	  12 	  12 	  12 	  12 	  12 	  12 	  12 	  12 	  12 	  12 	  12 	  12 	  12 	  12 	  12 	  12 	  12 	  12 	  12 	  12 	  12 	  12 	  12 	  12 	  12 	  12 	  12 	  -   	  -   	  -   	  -   	  -   	  12 
AuC	Aurigan Coalition	#DB472D	2910	?	  -   	  -   	  -   	  -   	  -   	  -   	  -   	  -   	  -   	  -   	  -   	  -   	  -   	  -   	  -   	  -   	  22 	  -   	  -   	  -   	  -   	  -   	  -   	  -   	  -   	  -   	  -   	  -   	  -   	  -   	  -   	  -   	  -   	  -   	  -   	  -   	  -   	  -   	  -   	  -   	  -   	  -   	  -   	  -   	  22 
AuD	Aurigan Directorate	#308040	3022	3025	  -   	  -   	  -   	  -   	  -   	  -   	  -   	  -   	  -   	  -   	  -   	  -   	  -   	  -   	  -   	  -   	  -   	  -   	  -   	  -   	  -   	  -   	  -   	  -   	  -   	  -   	  -   	  -   	  -   	  -   	  -   	  -   	  -   	  -   	  -   	  -   	  -   	  -   	  -   	  -   	  -   	  -   	  -   	  -   	  -   
C	Clans	#757C82	2807		  -   	  -   	  -   	  -   	  -   	  -   	  -   	  -   	  -   	  -   	  -   	  -   	  14 	  16 	  16 	  20 	  33 	  33 	  34 	  34 	  34 	  34 	  34 	  34 	  38 	  36 	  36 	  34 	  32 	  32 	  32 	  29 	  29 	  32 	  17 	  11 	  10 	  16 	  18 	  -   	  -   	  -   	  -   	  -   	  38 
CBR	Clan Burrock	#714834	2807	3059	  -   	  -   	  -   	  -   	  -   	  -   	  -   	  -   	  -   	  -   	  -   	  -   	  1 	  1 	  1 	  1 	  1 	  1 	  1 	  1 	  1 	  1 	  1 	  1 	  1 	  1 	  1 	  -   	  -   	  -   	  -   	  -   	  -   	  -   	  -   	  -   	  -   	  -   	  -   	  -   	  -   	  -   	  -   	  -   	  1 
CBS	Clan Blood Spirit	#B05739	2807	3085	  -   	  -   	  -   	  -   	  -   	  -   	  -   	  -   	  -   	  -   	  -   	  -   	  -   	  -   	  -   	  1 	  -   	  -   	  -   	  -   	  -   	  -   	  -   	  -   	  -   	  -   	  -   	  1 	  1 	  1 	  1 	  -   	  1 	  1 	  2 	  2 	  1 	  -   	  -   	  -   	  -   	  -   	  -   	  -   	  2 
CC	Capellan Confederation	#1D8542	2367		  -   	  -   	  -   	  -   	  -   	  192 	  192 	  432 	  432 	  429 	  431 	  443 	  424 	  424 	  404 	  339 	  207 	  91 	  102 	  102 	  102 	  102 	  102 	  102 	  102 	  102 	  121 	  121 	  121 	  121 	  121 	  162 	  167 	  148 	  158 	  170 	  170 	  144 	  144 	  166 	  184 	  252 	  258 	  46 	  443 
CCC	Clan Cloud Cobra	#4D7E77	2807		  -   	  -   	  -   	  -   	  -   	  -   	  -   	  -   	  -   	  -   	  -   	  -   	  -   	  -   	  -   	  1 	  -   	  -   	  -   	  -   	  -   	  -   	  -   	  -   	  -   	  -   	  -   	  -   	  -   	  -   	  -   	  -   	  -   	  -   	  4 	  5 	  3 	  5 	  5 	  -   	  -   	  -   	  -   	  -   	  5 
CCom	Capellan Commonality	#1D8542	2310	2366	  -   	  15 	  8 	  8 	  57 	  -   	  -   	  -   	  -   	  -   	  -   	  -   	  -   	  -   	  -   	  -   	  -   	  -   	  -   	  -   	  -   	  -   	  -   	  -   	  -   	  -   	  -   	  -   	  -   	  -   	  -   	  -   	  -   	  -   	  -   	  -   	  -   	  -   	  -   	  -   	  -   	  -   	  -   	  -   	  57 
CCY	Clan Coyote	#583822	2807		  -   	  -   	  -   	  -   	  -   	  -   	  -   	  -   	  -   	  -   	  -   	  -   	  1 	  1 	  1 	  1 	  1 	  1 	  1 	  1 	  1 	  1 	  1 	  1 	  1 	  1 	  1 	  1 	  1 	  1 	  1 	  1 	  1 	  1 	  2 	  1 	  1 	  2 	  2 	  -   	  -   	  -   	  -   	  -   	  2 
CDP	Calderon Protectorate	#AC7355	3066		  -   	  -   	  -   	  -   	  -   	  -   	  -   	  -   	  -   	  -   	  -   	  -   	  -   	  -   	  -   	  -   	  -   	  -   	  -   	  -   	  -   	  -   	  -   	  -   	  -   	  -   	  -   	  -   	  -   	  -   	  -   	  -   	  6 	  6 	  6 	  6 	  6 	  6 	  6 	  13 	  14 	  14 	  14 	  -   	  14 
CDS	Clan Diamond Shark	#8690A3	2895	3100	  -   	  -   	  -   	  -   	  -   	  -   	  -   	  -   	  -   	  -   	  -   	  -   	  -   	  -   	  -   	  -   	  -   	  -   	  -   	  2 	  2 	  2 	  2 	  2 	  3 	  2 	  2 	  2 	  2 	  2 	  2 	  7 	  10 	  10 	  7 	  4 	  4 	  4 	  5 	  -   	  -   	  -   	  -   	  -   	  10 
CF	Circinus Federation	#5F60A5	2785	3081	  -   	  -   	  -   	  -   	  -   	  -   	  -   	  -   	  -   	  -   	  -   	  1 	  1 	  1 	  1 	  1 	  9 	  10 	  10 	  10 	  10 	  10 	  10 	  10 	  10 	  10 	  10 	  10 	  10 	  10 	  10 	  10 	  8 	  8 	  10 	  10 	  -   	  -   	  -   	  -   	  -   	  -   	  -   	  -   	  10 
CFM	Clan Fire Mandrill	#663D37	2807	3073	  -   	  -   	  -   	  -   	  -   	  -   	  -   	  -   	  -   	  -   	  -   	  -   	  1 	  1 	  1 	  1 	  1 	  1 	  1 	  1 	  1 	  1 	  1 	  1 	  1 	  1 	  1 	  1 	  1 	  1 	  1 	  1 	  1 	  1 	  -   	  -   	  -   	  -   	  -   	  -   	  -   	  -   	  -   	  -   	  1 
CGB	Clan Ghost Bear	#BAE6FB	2807	3060	  -   	  -   	  -   	  -   	  -   	  -   	  -   	  -   	  -   	  -   	  -   	  -   	  -   	  -   	  -   	  -   	  -   	  -   	  -   	  5 	  10 	  13 	  16 	  24 	  41 	  40 	  40 	  40 	  40 	  40 	  40 	  1 	  1 	  1 	  -   	  -   	  -   	  -   	  -   	  -   	  -   	  -   	  -   	  -   	  41 
CGS	Clan Goliath Scorpion	#816A0E	2807	3080	  -   	  -   	  -   	  -   	  -   	  -   	  -   	  -   	  -   	  -   	  -   	  -   	  -   	  -   	  -   	  -   	  -   	  -   	  -   	  -   	  -   	  -   	  -   	  -   	  -   	  -   	  -   	  -   	  -   	  -   	  -   	  -   	  -   	  -   	  4 	  1 	  -   	  -   	  -   	  -   	  -   	  -   	  -   	  -   	  4 
CH	Capellan Hegemony	#1D8542	2270	2310	  5 	  -   	  -   	  -   	  -   	  -   	  -   	  -   	  -   	  -   	  -   	  -   	  -   	  -   	  -   	  -   	  -   	  -   	  -   	  -   	  -   	  -   	  -   	  -   	  -   	  -   	  -   	  -   	  -   	  -   	  -   	  -   	  -   	  -   	  -   	  -   	  -   	  -   	  -   	  -   	  -   	  -   	  -   	  -   	  5 
CHH	Clan Hell's Horses	#FAA61B	2807		  -   	  -   	  -   	  -   	  -   	  -   	  -   	  -   	  -   	  -   	  -   	  -   	  -   	  -   	  -   	  1 	  1 	  1 	  1 	  1 	  1 	  1 	  1 	  1 	  1 	  1 	  1 	  1 	  1 	  1 	  1 	  6 	  3 	  1 	  45 	  45 	  44 	  31 	  26 	  26 	  26 	  48 	  68 	  67 	  68 
CI	Chainelane Isles	#949D93	?		  -   	  -   	  -   	  -   	  -   	  -   	  -   	  -   	  -   	  -   	  -   	  -   	  -   	  -   	  -   	  -   	  10 	  10 	  10 	  10 	  10 	  10 	  10 	  10 	  10 	  10 	  10 	  10 	  10 	  10 	  10 	  10 	  10 	  10 	  9 	  9 	  9 	  9 	  9 	  9 	  9 	  9 	  9 	  -   	  10 
CIH	Clan Ice Hellion	#A8C1B3	2807	3074	  -   	  -   	  -   	  -   	  -   	  -   	  -   	  -   	  -   	  -   	  -   	  -   	  1 	  1 	  1 	  1 	  1 	  1 	  1 	  1 	  1 	  1 	  1 	  1 	  1 	  1 	  1 	  1 	  1 	  1 	  1 	  1 	  1 	  1 	  -   	  -   	  -   	  -   	  -   	  -   	  -   	  -   	  -   	  -   	  1 
CJF	Clan Jade Falcon	#ABD375	2807		  -   	  -   	  -   	  -   	  -   	  -   	  -   	  -   	  -   	  -   	  -   	  -   	  1 	  1 	  1 	  1 	  1 	  1 	  1 	  12 	  22 	  34 	  39 	  51 	  53 	  46 	  55 	  46 	  46 	  46 	  46 	  61 	  67 	  68 	  53 	  54 	  54 	  54 	  54 	  44 	  55 	  129 	  93 	  4 	  129 
CM	Chaos March	#A9A9A9	3058	3069	  -   	  -   	  -   	  -   	  -   	  -   	  -   	  -   	  -   	  -   	  -   	  -   	  -   	  -   	  -   	  -   	  -   	  -   	  -   	  -   	  -   	  -   	  -   	  -   	  -   	  -   	  42 	  42 	  42 	  42 	  42 	  17 	  14 	  1 	  -   	  -   	  -   	  -   	  -   	  -   	  -   	  -   	  -   	  -   	  42 
CMN	Clan Mongoose	#CFBCD1	2807	2868	  -   	  -   	  -   	  -   	  -   	  -   	  -   	  -   	  -   	  -   	  -   	  -   	  -   	  -   	  -   	  -   	  -   	  -   	  -   	  -   	  -   	  -   	  -   	  -   	  -   	  -   	  -   	  -   	  -   	  -   	  -   	  -   	  -   	  -   	  -   	  -   	  -   	  -   	  -   	  -   	  -   	  -   	  -   	  -   	  -   
CNC	Clan Nova Cat	#381715	2807	3143	  -   	  -   	  -   	  -   	  -   	  -   	  -   	  -   	  -   	  -   	  -   	  -   	  1 	  1 	  1 	  1 	  -   	  -   	  -   	  3 	  3 	  3 	  3 	  3 	  16 	  16 	  16 	  9 	  3 	  3 	  3 	  -   	  -   	  -   	  -   	  -   	  -   	  -   	  -   	  -   	  -   	  -   	  -   	  -   	  16 
CoF	Coalition Forces	#DF7E27	3073	3081	  -   	  -   	  -   	  -   	  -   	  -   	  -   	  -   	  -   	  -   	  -   	  -   	  -   	  -   	  -   	  -   	  -   	  -   	  -   	  -   	  -   	  -   	  -   	  -   	  -   	  -   	  -   	  -   	  -   	  -   	  -   	  -   	  -   	  -   	  10 	  132 	  -   	  -   	  -   	  -   	  -   	  -   	  -   	  -   	  132 
CS	ComStar	#f3f3f3	2788		  -   	  -   	  -   	  -   	  -   	  -   	  -   	  -   	  -   	  -   	  -   	  -   	  1 	  1 	  2 	  2 	  3 	  4 	  4 	  4 	  4 	  4 	  4 	  4 	  4 	  2 	  1 	  1 	  1 	  1 	  1 	  1 	  1 	  -   	  -   	  -   	  -   	  -   	  -   	  1 	  1 	  -   	  -   	  -   	  4 
CSA	Clan Star Adder	#32382F	2807		  -   	  -   	  -   	  -   	  -   	  -   	  -   	  -   	  -   	  -   	  -   	  -   	  1 	  1 	  1 	  1 	  1 	  1 	  1 	  1 	  1 	  1 	  1 	  1 	  1 	  1 	  1 	  3 	  3 	  3 	  3 	  3 	  3 	  3 	  3 	  6 	  6 	  8 	  6 	  -   	  -   	  -   	  -   	  -   	  8 
CSF	Clan Sea Fox	#8690A3	2807		  -   	  -   	  -   	  -   	  -   	  -   	  -   	  -   	  -   	  -   	  -   	  -   	  -   	  -   	  -   	  -   	  -   	  -   	  -   	  -   	  -   	  -   	  -   	  -   	  -   	  -   	  -   	  -   	  -   	  -   	  -   	  -   	  -   	  -   	  -   	  -   	  -   	  -   	  -   	  4 	  1 	  1 	  4 	  -   	  4 
CSJ	Clan Smoke Jaguar	#2F2E30	2807	3060	  -   	  -   	  -   	  -   	  -   	  -   	  -   	  -   	  -   	  -   	  -   	  -   	  1 	  1 	  1 	  1 	  1 	  1 	  -   	  5 	  15 	  21 	  27 	  32 	  35 	  34 	  34 	  29 	  20 	  11 	  4 	  -   	  -   	  -   	  -   	  -   	  -   	  -   	  -   	  -   	  -   	  -   	  -   	  -   	  35 
CSL	Clan Stone Lion	#F2A810	3075		  -   	  -   	  -   	  -   	  -   	  -   	  -   	  -   	  -   	  -   	  -   	  -   	  -   	  -   	  -   	  -   	  -   	  -   	  -   	  -   	  -   	  -   	  -   	  -   	  -   	  -   	  -   	  -   	  -   	  -   	  -   	  -   	  -   	  -   	  -   	  1 	  1 	  2 	  2 	  -   	  -   	  -   	  -   	  -   	  2 
CSR	Clan Snow Raven	#009690	2807	3083	  -   	  -   	  -   	  -   	  -   	  -   	  -   	  -   	  -   	  -   	  -   	  -   	  1 	  1 	  1 	  2 	  -   	  -   	  -   	  -   	  -   	  -   	  -   	  -   	  -   	  1 	  1 	  1 	  1 	  1 	  1 	  3 	  4 	  3 	  3 	  2 	  2 	  -   	  -   	  -   	  -   	  -   	  -   	  -   	  4 
CSV	Clan Steel Viper	#A3D451	2807	3075	  -   	  -   	  -   	  -   	  -   	  -   	  -   	  -   	  -   	  -   	  -   	  -   	  -   	  -   	  -   	  1 	  1 	  1 	  1 	  4 	  4 	  4 	  4 	  4 	  9 	  17 	  17 	  17 	  17 	  17 	  17 	  3 	  3 	  3 	  1 	  -   	  -   	  -   	  -   	  -   	  -   	  -   	  -   	  -   	  17 
CTF	Chesterton Trade Federation	#1D8542	2220	2357	  3 	  3 	  5 	  4 	  -   	  -   	  -   	  -   	  -   	  -   	  -   	  -   	  -   	  -   	  -   	  -   	  -   	  -   	  -   	  -   	  -   	  -   	  -   	  -   	  -   	  -   	  -   	  -   	  -   	  -   	  -   	  -   	  -   	  -   	  -   	  -   	  -   	  -   	  -   	  -   	  -   	  -   	  -   	  -   	  5 
CWF	Clan Wolf	#D9743D	2807	3143	  -   	  -   	  -   	  -   	  -   	  -   	  -   	  -   	  -   	  -   	  -   	  -   	  -   	  -   	  -   	  -   	  -   	  -   	  -   	  16 	  26 	  32 	  43 	  59 	  92 	  95 	  95 	  95 	  95 	  95 	  95 	  87 	  83 	  82 	  50 	  49 	  49 	  49 	  49 	  56 	  56 	  -   	  -   	  -   	  95 
CWM	Clan Widowmaker	#7A6A34	2807	2834	  -   	  -   	  -   	  -   	  -   	  -   	  -   	  -   	  -   	  -   	  -   	  -   	  -   	  -   	  -   	  -   	  -   	  -   	  -   	  -   	  -   	  -   	  -   	  -   	  -   	  -   	  -   	  -   	  -   	  -   	  -   	  -   	  -   	  -   	  -   	  -   	  -   	  -   	  -   	  -   	  -   	  -   	  -   	  -   	  -   
CWV	Clan Wolverine	#7B6248	2807	2823	  -   	  -   	  -   	  -   	  -   	  -   	  -   	  -   	  -   	  -   	  -   	  -   	  -   	  -   	  -   	  -   	  -   	  -   	  -   	  -   	  -   	  -   	  -   	  -   	  -   	  -   	  -   	  -   	  -   	  -   	  -   	  -   	  -   	  -   	  -   	  -   	  -   	  -   	  -   	  -   	  -   	  -   	  -   	  -   	  -   
CWX	Clan Wolf-in-Exile	#D9743D	3057		  -   	  -   	  -   	  -   	  -   	  -   	  -   	  -   	  -   	  -   	  -   	  -   	  -   	  -   	  -   	  -   	  -   	  -   	  -   	  -   	  -   	  -   	  -   	  -   	  -   	  -   	  -   	  -   	  -   	  -   	  -   	  -   	  -   	  -   	  -   	  -   	  -   	  -   	  -   	  -   	  -   	  -   	  -   	  -   	  -   
D	Disputed	#404040	N/A	N/A	  -   	  -   	  -   	  -   	  -   	  2 	  -   	  -   	  -   	  -   	  -   	  -   	  2 	  -   	  -   	  -   	  5 	  -   	  -   	  -   	  -   	  -   	  -   	  -   	  -   	  -   	  -   	  -   	  -   	  -   	  -   	  -   	  3 	  6 	  3 	  4 	  -   	  -   	  -   	  15 	  15 	  -   	  -   	  -   	  15 
DA	Duchy of Andurien	#617274	3030		  -   	  -   	  -   	  -   	  -   	  -   	  -   	  -   	  -   	  -   	  -   	  -   	  -   	  -   	  -   	  -   	  -   	  17 	  -   	  -   	  -   	  -   	  -   	  -   	  -   	  -   	  -   	  -   	  -   	  -   	  -   	  -   	  -   	  -   	  12 	  12 	  11 	  11 	  11 	  26 	  26 	  21 	  34 	  46 	  46 
DC	Draconis Combine	#EC2027	2319		  -   	  -   	  -   	  47 	  59 	  267 	  282 	  404 	  404 	  401 	  404 	  412 	  470 	  466 	  455 	  444 	  412 	  379 	  330 	  333 	  322 	  315 	  308 	  302 	  270 	  270 	  270 	  282 	  299 	  308 	  315 	  323 	  323 	  320 	  281 	  281 	  255 	  255 	  254 	  244 	  265 	  356 	  359 	  -   	  470 
DGM	Duchy of Graham-Marik	#9E3C93	3079	3082	  -   	  -   	  -   	  -   	  -   	  -   	  -   	  -   	  -   	  -   	  -   	  -   	  -   	  -   	  -   	  -   	  -   	  -   	  -   	  -   	  -   	  -   	  -   	  -   	  -   	  -   	  -   	  -   	  -   	  -   	  -   	  -   	  -   	  -   	  -   	  -   	  2 	  2 	  2 	  -   	  -   	  -   	  -   	  -   	  2 
DL	Duchy of Liao	#009C55	2315	2366	  -   	  2 	  2 	  2 	  5 	  -   	  -   	  -   	  -   	  -   	  -   	  -   	  -   	  -   	  -   	  -   	  -   	  -   	  -   	  -   	  -   	  -   	  -   	  -   	  -   	  -   	  -   	  -   	  -   	  -   	  -   	  -   	  -   	  -   	  -   	  -   	  -   	  -   	  -   	  -   	  -   	  -   	  -   	  -   	  5 
DO	Duchy of Oriente	#A55EA6	3079	3086	  -   	  -   	  -   	  -   	  -   	  -   	  -   	  -   	  -   	  -   	  -   	  -   	  -   	  -   	  -   	  -   	  -   	  -   	  -   	  -   	  -   	  -   	  -   	  -   	  -   	  -   	  -   	  -   	  -   	  -   	  -   	  -   	  -   	  -   	  -   	  -   	  15 	  18 	  1 	  -   	  -   	  -   	  -   	  -   	  18 
DoO	Duchy of Orloff	#A24D9D	3079	3086	  -   	  -   	  -   	  -   	  -   	  -   	  -   	  -   	  -   	  -   	  -   	  -   	  -   	  -   	  -   	  -   	  -   	  -   	  -   	  -   	  -   	  -   	  -   	  -   	  -   	  -   	  -   	  -   	  -   	  -   	  -   	  -   	  -   	  -   	  -   	  -   	  3 	  -   	  -   	  -   	  -   	  -   	  -   	  -   	  3 
DS	Duchy of Small	#6B8E23	3058	3066	  -   	  -   	  -   	  -   	  -   	  -   	  -   	  -   	  -   	  -   	  -   	  -   	  -   	  -   	  -   	  -   	  -   	  -   	  -   	  -   	  -   	  -   	  -   	  -   	  -   	  -   	  2 	  2 	  2 	  2 	  2 	  2 	  -   	  -   	  -   	  -   	  -   	  -   	  -   	  -   	  -   	  -   	  -   	  -   	  2 
DT	Duchy of Tamarind	#9E3C93	3071	3078	  -   	  -   	  -   	  -   	  -   	  -   	  -   	  -   	  -   	  -   	  -   	  -   	  -   	  -   	  -   	  -   	  -   	  -   	  -   	  -   	  -   	  -   	  -   	  -   	  -   	  -   	  -   	  -   	  -   	  -   	  -   	  -   	  -   	  -   	  4 	  -   	  -   	  -   	  -   	  -   	  -   	  -   	  -   	  -   	  4 
DTA	Duchy of Tamarind-Abbey	#9E3C93	3078	3139	  -   	  -   	  -   	  -   	  -   	  -   	  -   	  -   	  -   	  -   	  -   	  -   	  -   	  -   	  -   	  -   	  -   	  -   	  -   	  -   	  -   	  -   	  -   	  -   	  -   	  -   	  -   	  -   	  -   	  -   	  -   	  -   	  -   	  -   	  -   	  24 	  22 	  22 	  22 	  27 	  27 	  -   	  -   	  -   	  27 
EF	Elysian Fields	#85526A	?	3049	  -   	  -   	  -   	  -   	  -   	  -   	  -   	  -   	  -   	  -   	  -   	  -   	  -   	  -   	  -   	  -   	  4 	  4 	  4 	  -   	  -   	  -   	  -   	  -   	  -   	  -   	  -   	  -   	  -   	  -   	  -   	  -   	  -   	  -   	  -   	  -   	  -   	  -   	  -   	  -   	  -   	  -   	  -   	  -   	  4 
EI	Escorpión Imperio	#816A0E	3080	3141	  -   	  -   	  -   	  -   	  -   	  -   	  -   	  -   	  -   	  -   	  -   	  -   	  -   	  -   	  -   	  -   	  -   	  -   	  -   	  -   	  -   	  -   	  -   	  -   	  -   	  -   	  -   	  -   	  -   	  -   	  -   	  -   	  -   	  -   	  -   	  -   	  9 	  9 	  9 	  16 	  16 	  -   	  -   	  -   	  16 
FCF	Federated Commonwealth (FS)	#FED600	3028	3057	  -   	  -   	  -   	  -   	  -   	  -   	  -   	  -   	  -   	  -   	  -   	  -   	  -   	  -   	  -   	  -   	  -   	  -   	  500 	  500 	  500 	  500 	  500 	  500 	  500 	  -   	  -   	  -   	  -   	  -   	  -   	  -   	  -   	  -   	  -   	  -   	  -   	  -   	  -   	  -   	  -   	  -   	  -   	  -   	  500 
FCL	Federated Commonwealth (LC)	#1861A3	3028	3057	  -   	  -   	  -   	  -   	  -   	  -   	  -   	  -   	  -   	  -   	  -   	  -   	  -   	  -   	  -   	  -   	  -   	  -   	  554 	  551 	  539 	  527 	  519 	  504 	  485 	  -   	  -   	  -   	  -   	  -   	  -   	  -   	  -   	  -   	  -   	  -   	  -   	  -   	  -   	  -   	  -   	  -   	  -   	  -   	  554 
FCo	Ferris Collective	#BFAB78	3087		  -   	  -   	  -   	  -   	  -   	  -   	  -   	  -   	  -   	  -   	  -   	  -   	  -   	  -   	  -   	  -   	  -   	  -   	  -   	  -   	  -   	  -   	  -   	  -   	  -   	  -   	  -   	  -   	  -   	  -   	  -   	  -   	  -   	  -   	  -   	  -   	  -   	  -   	  4 	  4 	  4 	  4 	  4 	  2 	  4 
FFR	Finmark Free Republic	#5D8593	2779	2792	  -   	  -   	  -   	  -   	  -   	  -   	  -   	  -   	  -   	  -   	  6 	  6 	  -   	  -   	  -   	  -   	  -   	  -   	  -   	  -   	  -   	  -   	  -   	  -   	  -   	  -   	  -   	  -   	  -   	  -   	  -   	  -   	  -   	  -   	  -   	  -   	  -   	  -   	  -   	  -   	  -   	  -   	  -   	  -   	  6 
FO	Federation of Oriente	#A24D9D	2241	2271	  11 	  -   	  -   	  -   	  -   	  -   	  -   	  -   	  -   	  -   	  -   	  -   	  -   	  -   	  -   	  -   	  -   	  -   	  -   	  -   	  -   	  -   	  -   	  -   	  -   	  -   	  -   	  -   	  -   	  -   	  -   	  -   	  -   	  -   	  -   	  -   	  -   	  -   	  -   	  -   	  -   	  -   	  -   	  -   	  11 
FoS	Federation of Skye	#1861A3	2299	2341	  -   	  6 	  33 	  57 	  -   	  -   	  -   	  -   	  -   	  -   	  -   	  -   	  -   	  -   	  -   	  -   	  -   	  -   	  -   	  -   	  -   	  -   	  -   	  -   	  -   	  -   	  -   	  -   	  -   	  -   	  -   	  -   	  -   	  -   	  -   	  -   	  -   	  -   	  -   	  -   	  -   	  -   	  -   	  -   	  57 
FR	Free Rasalhague Republic	#4E7AAC	3034	3103	  -   	  -   	  -   	  -   	  -   	  -   	  -   	  -   	  -   	  -   	  -   	  -   	  -   	  -   	  -   	  -   	  -   	  -   	  84 	  84 	  72 	  64 	  54 	  34 	  7 	  7 	  7 	  7 	  7 	  7 	  7 	  7 	  7 	  6 	  -   	  -   	  -   	  -   	  -   	  -   	  -   	  -   	  -   	  -   	  84 
FrR	Fronc Reaches	#7A6D5E	3066		  -   	  -   	  -   	  -   	  -   	  -   	  -   	  -   	  -   	  -   	  -   	  -   	  -   	  -   	  -   	  -   	  -   	  -   	  -   	  -   	  -   	  -   	  -   	  -   	  -   	  -   	  -   	  -   	  -   	  -   	  -   	  -   	  8 	  8 	  8 	  8 	  8 	  8 	  8 	  11 	  11 	  11 	  11 	  -   	  11 
FS	Federated Suns	#FED600	2317		  -   	  20 	  21 	  27 	  90 	  310 	  356 	  534 	  534 	  530 	  534 	  543 	  499 	  498 	  515 	  522 	  509 	  495 	  -   	  -   	  -   	  -   	  -   	  -   	  -   	  500 	  516 	  516 	  516 	  516 	  516 	  515 	  515 	  525 	  427 	  432 	  443 	  445 	  444 	  433 	  444 	  356 	  357 	  -   	  543 
FvC	Filtvelt Coalition	#D0C042	3072		  -   	  -   	  -   	  -   	  -   	  -   	  -   	  -   	  -   	  -   	  -   	  -   	  -   	  -   	  -   	  -   	  -   	  -   	  -   	  -   	  -   	  -   	  -   	  -   	  -   	  -   	  -   	  -   	  -   	  -   	  -   	  -   	  -   	  -   	  21 	  21 	  21 	  17 	  17 	  7 	  7 	  7 	  7 	  -   	  21 
FWL	Free Worlds League	#A55EA6	2271		  -   	  48 	  48 	  50 	  123 	  205 	  222 	  338 	  338 	  335 	  340 	  349 	  381 	  381 	  379 	  355 	  332 	  307 	  320 	  320 	  320 	  320 	  320 	  320 	  320 	  320 	  332 	  332 	  332 	  332 	  332 	  334 	  334 	  341 	  292 	  216 	  -   	  -   	  -   	  -   	  -   	  163 	  191 	  229 	  381 
GBD	Ghost Bear Dominion	#BAE6FB	3060	3103	  -   	  -   	  -   	  -   	  -   	  -   	  -   	  -   	  -   	  -   	  -   	  -   	  -   	  -   	  -   	  -   	  -   	  -   	  -   	  -   	  -   	  -   	  -   	  -   	  -   	  -   	  -   	  -   	  -   	  -   	  -   	  45 	  50 	  50 	  59 	  59 	  59 	  59 	  56 	  -   	  -   	  -   	  -   	  -   	  59 
GL	Galatean League	#E89F5D	3144		  -   	  -   	  -   	  -   	  -   	  -   	  -   	  -   	  -   	  -   	  -   	  -   	  -   	  -   	  -   	  -   	  -   	  -   	  -   	  -   	  -   	  -   	  -   	  -   	  -   	  -   	  -   	  -   	  -   	  -   	  -   	  -   	  -   	  -   	  -   	  -   	  -   	  -   	  -   	  -   	  -   	  4 	  3 	  -   	  4 
GV	Greater Valkyrate	#c27ba0	3028	3049	  -   	  -   	  -   	  -   	  -   	  -   	  -   	  -   	  -   	  -   	  -   	  -   	  -   	  -   	  -   	  -   	  -   	  6 	  6 	  -   	  -   	  -   	  -   	  -   	  -   	  -   	  -   	  -   	  -   	  -   	  -   	  -   	  -   	  -   	  -   	  -   	  -   	  -   	  -   	  -   	  -   	  -   	  -   	  -   	  6 
HL	Hanseatic League	#DB7093	2891	3141	  -   	  -   	  -   	  -   	  -   	  -   	  -   	  -   	  -   	  -   	  -   	  -   	  -   	  -   	  -   	  -   	  29 	  29 	  29 	  29 	  29 	  29 	  29 	  29 	  29 	  29 	  29 	  29 	  29 	  29 	  29 	  29 	  29 	  29 	  29 	  29 	  29 	  29 	  29 	  29 	  29 	  -   	  -   	  -   	  29 
I	Independent	#FFFFFF	N/A	N/A	  336 	  315 	  410 	  166 	  19 	  10 	  13 	  19 	  28 	  27 	  172 	  171 	  145 	  145 	  145 	  122 	  40 	  44 	  37 	  32 	  32 	  32 	  32 	  32 	  32 	  32 	  28 	  28 	  28 	  28 	  28 	  27 	  29 	  31 	  31 	  32 	  209 	  219 	  252 	  162 	  304 	  108 	  89 	  52 	  410 
IE	Interstellar Expeditions	#C1B69E	2974		  -   	  -   	  -   	  -   	  -   	  -   	  -   	  -   	  -   	  -   	  -   	  -   	  -   	  -   	  -   	  -   	  4 	  4 	  4 	  4 	  4 	  4 	  4 	  4 	  4 	  4 	  4 	  4 	  4 	  4 	  4 	  4 	  4 	  4 	  4 	  5 	  5 	  5 	  11 	  -   	  -   	  -   	  -   	  -   	  11 
IP	Illyrian Palatinate	#D27553	2350	3063	  -   	  -   	  -   	  -   	  -   	  2 	  4 	  4 	  4 	  4 	  4 	  4 	  4 	  4 	  4 	  4 	  4 	  4 	  4 	  4 	  4 	  4 	  4 	  4 	  4 	  4 	  4 	  4 	  4 	  4 	  4 	  -   	  -   	  -   	  -   	  -   	  -   	  -   	  -   	  -   	  -   	  -   	  -   	  -   	  4 
JF	JàrnFòlk	#864C9E	2500s		  -   	  -   	  -   	  -   	  -   	  4 	  4 	  4 	  4 	  4 	  4 	  4 	  4 	  4 	  4 	  4 	  4 	  4 	  4 	  4 	  4 	  4 	  4 	  4 	  4 	  4 	  4 	  4 	  4 	  4 	  4 	  4 	  4 	  4 	  4 	  4 	  4 	  4 	  4 	  4 	  4 	  4 	  4 	  -   	  4 
KP	Kittery Prefecture	#DF7E27	3073	3080	  -   	  -   	  -   	  -   	  -   	  -   	  -   	  -   	  -   	  -   	  -   	  -   	  -   	  -   	  -   	  -   	  -   	  -   	  -   	  -   	  -   	  -   	  -   	  -   	  -   	  -   	  -   	  -   	  -   	  -   	  -   	  -   	  -   	  -   	  5 	  4 	  -   	  -   	  -   	  -   	  -   	  -   	  -   	  -   	  5 
LA	Lyran Alliance	#1861A3	3057	3084	  -   	  -   	  -   	  -   	  -   	  -   	  -   	  -   	  -   	  -   	  -   	  -   	  -   	  -   	  -   	  -   	  -   	  -   	  -   	  -   	  -   	  -   	  -   	  -   	  -   	  485 	  375 	  384 	  384 	  384 	  384 	  376 	  368 	  355 	  329 	  343 	  313 	  -   	  -   	  -   	  -   	  -   	  -   	  -   	  485 
LC	Lyran Commonwealth	#1861A3	2340		  -   	  -   	  -   	  -   	  130 	  284 	  293 	  476 	  477 	  469 	  567 	  578 	  572 	  573 	  573 	  544 	  442 	  571 	  -   	  -   	  -   	  -   	  -   	  -   	  -   	  -   	  -   	  -   	  -   	  -   	  -   	  -   	  -   	  -   	  -   	  -   	  -   	  313 	  310 	  303 	  303 	  208 	  193 	  111 	  578 
LL	Lothian League	#F68C1F	2691		  -   	  -   	  -   	  -   	  -   	  -   	  -   	  -   	  -   	  -   	  -   	  7 	  7 	  7 	  7 	  7 	  8 	  7 	  7 	  7 	  7 	  7 	  7 	  7 	  7 	  -   	  -   	  -   	  -   	  -   	  -   	  -   	  -   	  -   	  -   	  -   	  -   	  -   	  6 	  6 	  6 	  6 	  6 	  -   	  8 
LR	Liao Republic	#009C55	2189	2315	  1 	  -   	  -   	  -   	  -   	  -   	  -   	  -   	  -   	  -   	  -   	  -   	  -   	  -   	  -   	  -   	  -   	  -   	  -   	  -   	  -   	  -   	  -   	  -   	  -   	  -   	  -   	  -   	  -   	  -   	  -   	  -   	  -   	  -   	  -   	  -   	  -   	  -   	  -   	  -   	  -   	  -   	  -   	  -   	  1 
MA	Mosiro Archipelago	#A55EA6	3079	3081	  -   	  -   	  -   	  -   	  -   	  -   	  -   	  -   	  -   	  -   	  -   	  -   	  -   	  -   	  -   	  -   	  -   	  -   	  -   	  -   	  -   	  -   	  -   	  -   	  -   	  -   	  -   	  -   	  -   	  -   	  -   	  -   	  -   	  -   	  -   	  -   	  3 	  3 	  3 	  -   	  -   	  -   	  -   	  -   	  3 
MaC	Malthus Confederation	#88A49B	3051		  -   	  -   	  -   	  -   	  -   	  -   	  -   	  -   	  -   	  -   	  -   	  -   	  -   	  -   	  -   	  -   	  -   	  -   	  -   	  -   	  -   	  -   	  -   	  -   	  -   	  -   	  -   	  -   	  -   	  -   	  -   	  -   	  -   	  -   	  -   	  -   	  -   	  -   	  -   	  -   	  -   	  -   	  -   	  1 	  1 
MarA	Marlette Association	#FED600	2278	2324	  -   	  2 	  2 	  -   	  -   	  -   	  -   	  -   	  -   	  -   	  -   	  -   	  -   	  -   	  -   	  -   	  -   	  -   	  -   	  -   	  -   	  -   	  -   	  -   	  -   	  -   	  -   	  -   	  -   	  -   	  -   	  -   	  -   	  -   	  -   	  -   	  -   	  -   	  -   	  -   	  -   	  -   	  -   	  -   	  2 
MC	Malagrotta Cooperative	#DB8913	3073	3079	  -   	  -   	  -   	  -   	  -   	  -   	  -   	  -   	  -   	  -   	  -   	  -   	  -   	  -   	  -   	  -   	  -   	  -   	  -   	  -   	  -   	  -   	  -   	  -   	  -   	  -   	  -   	  -   	  -   	  -   	  -   	  -   	  -   	  -   	  7 	  -   	  -   	  -   	  -   	  -   	  -   	  -   	  -   	  -   	  7 
MCM	Marik Commonwealth	#A55EA6	3079	3082	  -   	  -   	  -   	  -   	  -   	  -   	  -   	  -   	  -   	  -   	  -   	  -   	  -   	  -   	  -   	  -   	  -   	  -   	  -   	  -   	  -   	  -   	  -   	  -   	  -   	  -   	  -   	  -   	  -   	  -   	  -   	  -   	  -   	  -   	  -   	  24 	  24 	  -   	  -   	  -   	  -   	  -   	  -   	  -   	  24 
MH	Marian Hegemony	#F68C48	2920		  -   	  -   	  -   	  -   	  -   	  -   	  -   	  -   	  -   	  -   	  -   	  -   	  -   	  -   	  -   	  -   	  9 	  9 	  9 	  12 	  12 	  12 	  12 	  12 	  12 	  19 	  19 	  19 	  19 	  19 	  19 	  23 	  26 	  26 	  24 	  24 	  27 	  29 	  22 	  22 	  22 	  22 	  19 	  4 	  29 
MOC	Magistracy of Canopus	#3D9D96	2530		  -   	  -   	  -   	  -   	  -   	  41 	  32 	  65 	  65 	  65 	  66 	  65 	  65 	  65 	  65 	  53 	  36 	  42 	  42 	  42 	  42 	  42 	  42 	  42 	  42 	  42 	  42 	  42 	  42 	  42 	  42 	  42 	  45 	  44 	  44 	  44 	  44 	  44 	  44 	  39 	  39 	  39 	  49 	  13 	  66 
MR	Marik Republic	#A55EA6	2238	2271	  19 	  -   	  -   	  -   	  -   	  -   	  -   	  -   	  -   	  -   	  -   	  -   	  -   	  -   	  -   	  -   	  -   	  -   	  -   	  -   	  -   	  -   	  -   	  -   	  -   	  -   	  -   	  -   	  -   	  -   	  -   	  -   	  -   	  -   	  -   	  -   	  -   	  -   	  -   	  -   	  -   	  -   	  -   	  -   	  19 
MSC	Marik-Stewart Commonwealth	#A55EA6	3082	3139	  -   	  -   	  -   	  -   	  -   	  -   	  -   	  -   	  -   	  -   	  -   	  -   	  -   	  -   	  -   	  -   	  -   	  -   	  -   	  -   	  -   	  -   	  -   	  -   	  -   	  -   	  -   	  -   	  -   	  -   	  -   	  -   	  -   	  -   	  -   	  -   	  -   	  22 	  22 	  33 	  33 	  -   	  -   	  -   	  33 
MuC	Muskegon Coalition	#FED600	2163	2317	  2 	  3 	  -   	  -   	  -   	  -   	  -   	  -   	  -   	  -   	  -   	  -   	  -   	  -   	  -   	  -   	  -   	  -   	  -   	  -   	  -   	  -   	  -   	  -   	  -   	  -   	  -   	  -   	  -   	  -   	  -   	  -   	  -   	  -   	  -   	  -   	  -   	  -   	  -   	  -   	  -   	  -   	  -   	  -   	  3 
MV	Morgraine's Valkyrate	#c27ba0	3021	3028	  -   	  -   	  -   	  -   	  -   	  -   	  -   	  -   	  -   	  -   	  -   	  -   	  -   	  -   	  -   	  -   	  5 	  -   	  -   	  -   	  -   	  -   	  -   	  -   	  -   	  -   	  -   	  -   	  -   	  -   	  -   	  -   	  -   	  -   	  -   	  -   	  -   	  -   	  -   	  -   	  -   	  -   	  -   	  -   	  5 
NC	Nueva Castile	#60A158	2392	3080	  -   	  -   	  -   	  -   	  -   	  9 	  9 	  9 	  9 	  9 	  9 	  9 	  9 	  9 	  9 	  9 	  9 	  9 	  9 	  9 	  9 	  9 	  9 	  9 	  9 	  9 	  9 	  9 	  9 	  9 	  9 	  9 	  9 	  9 	  9 	  9 	  -   	  -   	  -   	  -   	  -   	  -   	  -   	  -   	  9 
NCR	New Colony Region	#7A6D5E	3057	3066	  -   	  -   	  -   	  -   	  -   	  -   	  -   	  -   	  -   	  -   	  -   	  -   	  -   	  -   	  -   	  -   	  -   	  -   	  -   	  -   	  -   	  -   	  -   	  -   	  -   	  1 	  5 	  5 	  5 	  5 	  5 	  9 	  -   	  -   	  -   	  -   	  -   	  -   	  -   	  -   	  -   	  -   	  -   	  -   	  9 
NDC	New Delphi Compact	#7F978B	2602		  -   	  -   	  -   	  -   	  -   	  -   	  -   	  1 	  10 	  10 	  10 	  10 	  10 	  10 	  10 	  10 	  10 	  10 	  10 	  10 	  10 	  10 	  10 	  10 	  10 	  10 	  10 	  10 	  10 	  10 	  10 	  10 	  10 	  10 	  10 	  10 	  10 	  10 	  10 	  -   	  -   	  -   	  -   	  -   	  10 
NOC	New Oberon Confederation	#ffe599	3086		  -   	  -   	  -   	  -   	  -   	  -   	  -   	  -   	  -   	  -   	  -   	  -   	  -   	  -   	  -   	  -   	  -   	  -   	  -   	  -   	  -   	  -   	  -   	  -   	  -   	  -   	  -   	  -   	  -   	  -   	  -   	  -   	  -   	  -   	  -   	  -   	  -   	  -   	  4 	  4 	  4 	  5 	  4 	  5 	  5 
OA	Outworlds Alliance	#DCBF97	2413	3083	  -   	  -   	  -   	  -   	  -   	  47 	  25 	  136 	  135 	  135 	  135 	  135 	  105 	  105 	  105 	  58 	  36 	  36 	  36 	  36 	  36 	  36 	  36 	  36 	  36 	  36 	  36 	  36 	  36 	  36 	  36 	  36 	  36 	  36 	  39 	  39 	  39 	  -   	  -   	  -   	  -   	  -   	  -   	  -   	  136 
OC	Oberon Confederation	#ffe599	2775	3049	  -   	  -   	  -   	  -   	  -   	  -   	  -   	  -   	  -   	  -   	  3 	  3 	  3 	  3 	  3 	  3 	  10 	  10 	  10 	  -   	  -   	  -   	  -   	  -   	  -   	  -   	  -   	  -   	  -   	  -   	  -   	  -   	  -   	  -   	  -   	  -   	  -   	  -   	  -   	  -   	  -   	  -   	  -   	  -   	  10 
OMA	Ozawa Mercantile Association	#EC2027	?	2303	  4 	  -   	  -   	  -   	  -   	  -   	  -   	  -   	  -   	  -   	  -   	  -   	  -   	  -   	  -   	  -   	  -   	  -   	  -   	  -   	  -   	  -   	  -   	  -   	  -   	  -   	  -   	  -   	  -   	  -   	  -   	  -   	  -   	  -   	  -   	  -   	  -   	  -   	  -   	  -   	  -   	  -   	  -   	  -   	  4 
OP	Oriente Protectorate	#A55EA6	3086	3139	  -   	  -   	  -   	  -   	  -   	  -   	  -   	  -   	  -   	  -   	  -   	  -   	  -   	  -   	  -   	  -   	  -   	  -   	  -   	  -   	  -   	  -   	  -   	  -   	  -   	  -   	  -   	  -   	  -   	  -   	  -   	  -   	  -   	  -   	  -   	  -   	  -   	  -   	  17 	  30 	  31 	  -   	  -   	  -   	  31 
OZP	Ohrenson-Zion Province	#A55EA6	3079	3081	  -   	  -   	  -   	  -   	  -   	  -   	  -   	  -   	  -   	  -   	  -   	  -   	  -   	  -   	  -   	  -   	  -   	  -   	  -   	  -   	  -   	  -   	  -   	  -   	  -   	  -   	  -   	  -   	  -   	  -   	  -   	  -   	  -   	  -   	  -   	  -   	  4 	  -   	  -   	  -   	  -   	  -   	  -   	  -   	  4 
PD	Protectorate of Donegal	#0070C0	2313	2341	  -   	  2 	  2 	  26 	  -   	  -   	  -   	  -   	  -   	  -   	  -   	  -   	  -   	  -   	  -   	  -   	  -   	  -   	  -   	  -   	  -   	  -   	  -   	  -   	  -   	  -   	  -   	  -   	  -   	  -   	  -   	  -   	  -   	  -   	  -   	  -   	  -   	  -   	  -   	  -   	  -   	  -   	  -   	  -   	  26 
PG	Principality of Gibson	#A55EA6	3079	?	  -   	  -   	  -   	  -   	  -   	  -   	  -   	  -   	  -   	  -   	  -   	  -   	  -   	  -   	  -   	  -   	  -   	  -   	  -   	  -   	  -   	  -   	  -   	  -   	  -   	  -   	  -   	  -   	  -   	  -   	  -   	  -   	  -   	  -   	  -   	  2 	  2 	  -   	  -   	  -   	  -   	  -   	  -   	  -   	  2 
PoR	Principality of Rasalhague	#4E7AAC	2260	2510	  -   	  1 	  9 	  -   	  -   	  -   	  -   	  -   	  -   	  -   	  -   	  -   	  -   	  -   	  -   	  -   	  -   	  -   	  -   	  -   	  -   	  -   	  -   	  -   	  -   	  -   	  -   	  -   	  -   	  -   	  -   	  -   	  -   	  -   	  -   	  -   	  -   	  -   	  -   	  -   	  -   	  -   	  -   	  -   	  9 
PR	Principality of Regulus	#9E3C93	3079	3086	  -   	  -   	  -   	  -   	  -   	  -   	  -   	  -   	  -   	  -   	  -   	  -   	  -   	  -   	  -   	  -   	  -   	  -   	  -   	  -   	  -   	  -   	  -   	  -   	  -   	  -   	  -   	  -   	  -   	  -   	  -   	  -   	  -   	  -   	  -   	  16 	  16 	  18 	  -   	  -   	  -   	  -   	  -   	  -   	  18 
RA	Raven Alliance	#009690	3083		  -   	  -   	  -   	  -   	  -   	  -   	  -   	  -   	  -   	  -   	  -   	  -   	  -   	  -   	  -   	  -   	  -   	  -   	  -   	  -   	  -   	  -   	  -   	  -   	  -   	  -   	  -   	  -   	  -   	  -   	  -   	  -   	  -   	  -   	  -   	  -   	  -   	  36 	  36 	  40 	  40 	  49 	  49 	  -   	  49 
RB	Republic of the Barrens	#D3AF55	3087		  -   	  -   	  -   	  -   	  -   	  -   	  -   	  -   	  -   	  -   	  -   	  -   	  -   	  -   	  -   	  -   	  -   	  -   	  -   	  -   	  -   	  -   	  -   	  -   	  -   	  -   	  -   	  -   	  -   	  -   	  -   	  -   	  -   	  -   	  -   	  -   	  -   	  -   	  5 	  5 	  5 	  4 	  5 	  5 	  5 
RC	Rim Collection	#5D8593	3048	3148	  -   	  -   	  -   	  -   	  -   	  -   	  -   	  -   	  -   	  -   	  -   	  -   	  -   	  -   	  -   	  -   	  -   	  -   	  -   	  6 	  6 	  6 	  6 	  6 	  6 	  6 	  6 	  6 	  6 	  6 	  6 	  6 	  6 	  6 	  6 	  6 	  6 	  6 	  6 	  7 	  7 	  7 	  -   	  -   	  7 
RCM	Rim Commonality	#CE7577	3075	3139	  -   	  -   	  -   	  -   	  -   	  -   	  -   	  -   	  -   	  -   	  -   	  -   	  -   	  -   	  -   	  -   	  -   	  -   	  -   	  -   	  -   	  -   	  -   	  -   	  -   	  -   	  -   	  -   	  -   	  -   	  -   	  -   	  -   	  -   	  5 	  5 	  5 	  5 	  5 	  15 	  15 	  -   	  -   	  -   	  15 
RD	Rasalhague Dominion	#BAE6FB	3103		  -   	  -   	  -   	  -   	  -   	  -   	  -   	  -   	  -   	  -   	  -   	  -   	  -   	  -   	  -   	  -   	  -   	  -   	  -   	  -   	  -   	  -   	  -   	  -   	  -   	  -   	  -   	  -   	  -   	  -   	  -   	  -   	  -   	  -   	  -   	  -   	  -   	  -   	  -   	  70 	  71 	  111 	  110 	  9 	  111 
RF	Regulan Fiefs	#9E3C93	3086	3148	  -   	  -   	  -   	  -   	  -   	  -   	  -   	  -   	  -   	  -   	  -   	  -   	  -   	  -   	  -   	  -   	  -   	  -   	  -   	  -   	  -   	  -   	  -   	  -   	  -   	  -   	  -   	  -   	  -   	  -   	  -   	  -   	  -   	  -   	  -   	  -   	  -   	  -   	  18 	  28 	  28 	  28 	  -   	  -   	  28 
RFS	Regulan Free States	#A55EA6	3079	3086	  -   	  -   	  -   	  -   	  -   	  -   	  -   	  -   	  -   	  -   	  -   	  -   	  -   	  -   	  -   	  -   	  -   	  -   	  -   	  -   	  -   	  -   	  -   	  -   	  -   	  -   	  -   	  -   	  -   	  -   	  -   	  -   	  -   	  -   	  -   	  -   	  3 	  3 	  3 	  -   	  -   	  -   	  -   	  -   	  3 
RP	Regulan Principality	#9E3C93	2243	2271	  11 	  -   	  -   	  -   	  -   	  -   	  -   	  -   	  -   	  -   	  -   	  -   	  -   	  -   	  -   	  -   	  -   	  -   	  -   	  -   	  -   	  -   	  -   	  -   	  -   	  -   	  -   	  -   	  -   	  -   	  -   	  -   	  -   	  -   	  -   	  -   	  -   	  -   	  -   	  -   	  -   	  -   	  -   	  -   	  11 
RS	Republic of the Sphere	#DF7E27	3081		  -   	  -   	  -   	  -   	  -   	  -   	  -   	  -   	  -   	  -   	  -   	  -   	  -   	  -   	  -   	  -   	  -   	  -   	  -   	  -   	  -   	  -   	  -   	  -   	  -   	  -   	  -   	  -   	  -   	  -   	  -   	  -   	  -   	  -   	  -   	  -   	  203 	  252 	  253 	  252 	  35 	  35 	  11 	  -   	  253 
RT	Rim Territories	#3B739B	3087		  -   	  -   	  -   	  -   	  -   	  -   	  -   	  -   	  -   	  -   	  -   	  -   	  -   	  -   	  -   	  -   	  -   	  -   	  -   	  -   	  -   	  -   	  -   	  -   	  -   	  -   	  -   	  -   	  -   	  -   	  -   	  -   	  -   	  -   	  -   	  -   	  -   	  -   	  11 	  11 	  10 	  10 	  14 	  3 	  14 
RU	Ragnarök Union	#D3BD48	3084		  -   	  -   	  -   	  -   	  -   	  -   	  -   	  -   	  -   	  -   	  -   	  -   	  -   	  -   	  -   	  -   	  -   	  -   	  -   	  -   	  -   	  -   	  -   	  -   	  -   	  -   	  -   	  -   	  -   	  -   	  -   	  -   	  -   	  -   	  -   	  -   	  -   	  3 	  3 	  3 	  3 	  3 	  3 	  3 	  3 
RW	Rim Worlds Republic	#5D8593	2250	2769	  1 	  1 	  1 	  14 	  19 	  76 	  76 	  246 	  249 	  249 	  -   	  -   	  -   	  -   	  -   	  -   	  -   	  -   	  -   	  -   	  -   	  -   	  -   	  -   	  -   	  -   	  -   	  -   	  -   	  -   	  -   	  -   	  -   	  -   	  -   	  -   	  -   	  -   	  -   	  -   	  -   	  -   	  -   	  -   	  249 
SA	Senate Alliance	#C1B69E	3135	3142	  -   	  -   	  -   	  -   	  -   	  -   	  -   	  -   	  -   	  -   	  -   	  -   	  -   	  -   	  -   	  -   	  -   	  -   	  -   	  -   	  -   	  -   	  -   	  -   	  -   	  -   	  -   	  -   	  -   	  -   	  -   	  -   	  -   	  -   	  -   	  -   	  -   	  -   	  -   	  -   	  7 	  -   	  -   	  -   	  7 
SC	Stewart Confederation	#9E3C93	2259	2271	  5 	  -   	  -   	  -   	  -   	  -   	  -   	  -   	  -   	  -   	  -   	  -   	  -   	  -   	  -   	  -   	  -   	  -   	  -   	  -   	  -   	  -   	  -   	  -   	  -   	  -   	  -   	  -   	  -   	  -   	  -   	  -   	  -   	  -   	  -   	  -   	  5 	  -   	  -   	  -   	  -   	  -   	  -   	  -   	  5 
SCo	Sian Commonwealth	#02A64F	2260	2366	  1 	  1 	  1 	  1 	  35 	  -   	  -   	  -   	  -   	  -   	  -   	  -   	  -   	  -   	  -   	  -   	  -   	  -   	  -   	  -   	  -   	  -   	  -   	  -   	  -   	  -   	  -   	  -   	  -   	  -   	  -   	  -   	  -   	  -   	  -   	  -   	  -   	  -   	  -   	  -   	  -   	  -   	  -   	  -   	  35 
SE	Scorpion Empire	#816A0E	3141		  -   	  -   	  -   	  -   	  -   	  -   	  -   	  -   	  -   	  -   	  -   	  -   	  -   	  -   	  -   	  -   	  -   	  -   	  -   	  -   	  -   	  -   	  -   	  -   	  -   	  -   	  -   	  -   	  -   	  -   	  -   	  -   	  -   	  -   	  -   	  -   	  -   	  -   	  -   	  -   	  -   	  45 	  45 	  45 	  45 
SHC	Silver Hawks Coalition	#9E3C93	3079	?	  -   	  -   	  -   	  -   	  -   	  -   	  -   	  -   	  -   	  -   	  -   	  -   	  -   	  -   	  -   	  -   	  -   	  -   	  -   	  -   	  -   	  -   	  -   	  -   	  -   	  -   	  -   	  -   	  -   	  -   	  -   	  -   	  -   	  -   	  -   	  -   	  5 	  4 	  4 	  -   	  -   	  -   	  -   	  -   	  5 
SIC	St. Ives Compact	#8eae21	3029	3063	  -   	  -   	  -   	  -   	  -   	  -   	  -   	  -   	  -   	  -   	  -   	  -   	  -   	  -   	  -   	  -   	  -   	  17 	  17 	  17 	  17 	  17 	  17 	  17 	  17 	  17 	  17 	  17 	  17 	  17 	  17 	  -   	  -   	  -   	  -   	  -   	  -   	  -   	  -   	  -   	  -   	  -   	  -   	  -   	  17 
SIMA	St. Ives Mercantile Association	#8eae21	2245	2366	  1 	  1 	  1 	  1 	  23 	  -   	  -   	  -   	  -   	  -   	  -   	  -   	  -   	  -   	  -   	  -   	  -   	  -   	  -   	  -   	  -   	  -   	  -   	  -   	  -   	  -   	  -   	  -   	  -   	  -   	  -   	  -   	  -   	  -   	  -   	  -   	  -   	  -   	  -   	  -   	  -   	  -   	  -   	  -   	  23 
SKC	Styk Commonality	#008B8B	3058	3067	  -   	  -   	  -   	  -   	  -   	  -   	  -   	  -   	  -   	  -   	  -   	  -   	  -   	  -   	  -   	  -   	  -   	  -   	  -   	  -   	  -   	  -   	  -   	  -   	  -   	  -   	  2 	  2 	  2 	  2 	  2 	  2 	  -   	  -   	  -   	  -   	  -   	  -   	  -   	  -   	  -   	  -   	  -   	  -   	  2 
SLIE	Star League-in-Exile	#757C82	2786	2801	  -   	  -   	  -   	  -   	  -   	  -   	  -   	  -   	  -   	  -   	  -   	  5 	  -   	  -   	  -   	  -   	  -   	  -   	  -   	  -   	  -   	  -   	  -   	  -   	  -   	  -   	  -   	  -   	  -   	  -   	  -   	  -   	  -   	  -   	  -   	  -   	  -   	  -   	  -   	  -   	  -   	  -   	  -   	  -   	  5 
SS	Sarna Supremacy	#0B984D	2175	2366	  5 	  5 	  5 	  5 	  42 	  -   	  -   	  -   	  -   	  -   	  -   	  -   	  -   	  -   	  -   	  -   	  -   	  -   	  -   	  -   	  -   	  -   	  -   	  -   	  -   	  -   	  3 	  3 	  3 	  3 	  3 	  2 	  -   	  -   	  -   	  -   	  -   	  -   	  -   	  -   	  -   	  -   	  -   	  -   	  42 
ST	Saiph Triumvirate	#808000	3057	3068	  -   	  -   	  -   	  -   	  -   	  -   	  -   	  -   	  -   	  -   	  -   	  -   	  -   	  -   	  -   	  -   	  -   	  -   	  -   	  -   	  -   	  -   	  -   	  -   	  -   	  -   	  3 	  3 	  3 	  3 	  3 	  3 	  -   	  -   	  -   	  -   	  -   	  -   	  -   	  -   	  -   	  -   	  -   	  -   	  3 
TA	Terran Alliance	#757C82	2086	2315	  23 	  -   	  -   	  -   	  -   	  -   	  -   	  -   	  -   	  -   	  -   	  -   	  -   	  -   	  -   	  -   	  -   	  -   	  -   	  -   	  -   	  -   	  -   	  -   	  -   	  -   	  -   	  -   	  -   	  -   	  -   	  -   	  -   	  -   	  -   	  -   	  -   	  -   	  -   	  -   	  -   	  -   	  -   	  -   	  23 
TamP	Tamar Pact	#CC1637	2235	2341	  3 	  3 	  31 	  35 	  -   	  -   	  -   	  -   	  -   	  -   	  -   	  -   	  -   	  -   	  -   	  -   	  -   	  -   	  -   	  -   	  -   	  -   	  -   	  -   	  -   	  -   	  -   	  -   	  -   	  -   	  -   	  -   	  -   	  -   	  -   	  -   	  -   	  -   	  -   	  -   	  -   	  -   	  6 	  11 	  35 
TC	Taurian Concordat	#B73C26	2335		  -   	  -   	  -   	  14 	  38 	  59 	  25 	  77 	  77 	  77 	  77 	  77 	  74 	  74 	  74 	  63 	  34 	  35 	  58 	  58 	  58 	  58 	  58 	  58 	  58 	  58 	  58 	  58 	  58 	  58 	  58 	  58 	  48 	  48 	  63 	  63 	  48 	  41 	  40 	  23 	  23 	  23 	  23 	  -   	  77 
TCC	Terracap Confederation	#E9967A	3058	3067	  -   	  -   	  -   	  -   	  -   	  -   	  -   	  -   	  -   	  -   	  -   	  -   	  -   	  -   	  -   	  -   	  -   	  -   	  -   	  -   	  -   	  -   	  -   	  -   	  -   	  -   	  2 	  2 	  2 	  2 	  2 	  2 	  2 	  -   	  -   	  -   	  -   	  -   	  -   	  -   	  -   	  -   	  -   	  -   	  2 
TD	Tortuga Dominions	#D5A52B	2785		  -   	  -   	  -   	  -   	  -   	  -   	  -   	  6 	  6 	  6 	  6 	  6 	  6 	  6 	  6 	  6 	  6 	  6 	  6 	  6 	  6 	  6 	  6 	  6 	  6 	  6 	  6 	  6 	  6 	  6 	  6 	  6 	  6 	  6 	  6 	  6 	  6 	  6 	  6 	  6 	  6 	  6 	  6 	  -   	  6 
TFR	Tikonov Free Republic	#02A64F	3029	3031	  -   	  -   	  -   	  -   	  -   	  -   	  -   	  -   	  -   	  -   	  -   	  -   	  -   	  -   	  -   	  -   	  -   	  23 	  -   	  -   	  -   	  -   	  -   	  -   	  -   	  -   	  -   	  -   	  -   	  -   	  -   	  -   	  -   	  -   	  -   	  -   	  -   	  -   	  -   	  -   	  -   	  -   	  -   	  -   	  23 
TGU	Tikonov Grand Union	#02A64F	2177	2366	  11 	  19 	  19 	  15 	  20 	  -   	  -   	  -   	  -   	  -   	  -   	  -   	  -   	  -   	  -   	  -   	  -   	  -   	  -   	  -   	  -   	  -   	  -   	  -   	  -   	  -   	  -   	  -   	  -   	  -   	  -   	  -   	  -   	  -   	  -   	  -   	  -   	  -   	  -   	  -   	  -   	  -   	  -   	  -   	  20 
TH	Terran Hegemony	#757C82	2316	2767	  -   	  28 	  42 	  90 	  90 	  126 	  127 	  135 	  133 	  8 	  134 	  86 	  -   	  -   	  -   	  -   	  -   	  -   	  -   	  -   	  -   	  -   	  -   	  -   	  -   	  -   	  -   	  -   	  -   	  -   	  -   	  -   	  -   	  -   	  -   	  -   	  -   	  -   	  -   	  -   	  -   	  -   	  -   	  -   	  135 
THa	The Havens	#93ADAC	3089		  -   	  -   	  -   	  -   	  -   	  -   	  -   	  -   	  -   	  -   	  -   	  -   	  -   	  -   	  -   	  -   	  -   	  -   	  -   	  -   	  -   	  -   	  -   	  -   	  -   	  -   	  -   	  -   	  -   	  -   	  -   	  -   	  -   	  -   	  -   	  -   	  -   	  -   	  2 	  2 	  2 	  2 	  2 	  -   	  2 
THW	Taurian Homeworlds	#B73C26	2253	2235	  2 	  6 	  6 	  -   	  -   	  -   	  -   	  -   	  -   	  -   	  -   	  -   	  -   	  -   	  -   	  -   	  -   	  -   	  -   	  -   	  -   	  -   	  -   	  -   	  -   	  -   	  -   	  -   	  -   	  -   	  -   	  -   	  -   	  -   	  -   	  -   	  -   	  -   	  -   	  -   	  -   	  -   	  -   	  -   	  6 
TiC	Timbuktu Collective	#5D8593	3148		  -   	  -   	  -   	  -   	  -   	  -   	  -   	  -   	  -   	  -   	  -   	  -   	  -   	  -   	  -   	  -   	  -   	  -   	  -   	  -   	  -   	  -   	  -   	  -   	  -   	  -   	  -   	  -   	  -   	  -   	  -   	  -   	  -   	  -   	  -   	  -   	  -   	  -   	  -   	  -   	  -   	  -   	  14 	  -   	  14 
TP	The Protectorate	#9E3C93	3079	?	  -   	  -   	  -   	  -   	  -   	  -   	  -   	  -   	  -   	  -   	  -   	  -   	  -   	  -   	  -   	  -   	  -   	  -   	  -   	  -   	  -   	  -   	  -   	  -   	  -   	  -   	  -   	  -   	  -   	  -   	  -   	  -   	  -   	  -   	  -   	  -   	  6 	  6 	  6 	  -   	  -   	  -   	  -   	  -   	  6 
TR	The Republic Remnant	#F0BF93	3135		  -   	  -   	  -   	  -   	  -   	  -   	  -   	  -   	  -   	  -   	  -   	  -   	  -   	  -   	  -   	  -   	  -   	  -   	  -   	  -   	  -   	  -   	  -   	  -   	  -   	  -   	  -   	  -   	  -   	  -   	  -   	  -   	  -   	  -   	  -   	  -   	  -   	  -   	  -   	  -   	  7 	  5 	  -   	  -   	  7 
U	Undiscovered	#efefef	N/A	N/A	  1,889 	  1,775 	  1,742 	  1,617 	  1,552 	  1,511 	  1,493 	  264 	  255 	  245 	  244 	  237 	  211 	  200 	  196 	  190 	  73 	  60 	  52 	  27 	  27 	  27 	  27 	  27 	  27 	  26 	  24 	  24 	  24 	  24 	  24 	  23 	  20 	  20 	  20 	  19 	  19 	  19 	  13 	  2 	  2 	  2 	  2 	  -   	  1,889 
UHC	United Hindu Collective	#FED600	2240	2540	  3 	  3 	  3 	  3 	  3 	  -   	  -   	  -   	  -   	  -   	  -   	  -   	  -   	  -   	  -   	  -   	  -   	  -   	  -   	  -   	  -   	  -   	  -   	  -   	  -   	  -   	  -   	  -   	  -   	  -   	  -   	  -   	  -   	  -   	  -   	  -   	  -   	  -   	  -   	  -   	  -   	  -   	  -   	  -   	  3 
VM	Vesper Marches	#8681BC	3051		  -   	  -   	  -   	  -   	  -   	  -   	  -   	  -   	  -   	  -   	  -   	  -   	  -   	  -   	  -   	  -   	  -   	  -   	  -   	  -   	  -   	  -   	  -   	  -   	  -   	  -   	  -   	  -   	  -   	  -   	  -   	  -   	  -   	  -   	  -   	  -   	  -   	  -   	  -   	  -   	  -   	  -   	  5 	  9 	  9 
WB	Word of Blake	#808080	3052		  -   	  -   	  -   	  -   	  -   	  -   	  -   	  -   	  -   	  -   	  -   	  -   	  -   	  -   	  -   	  -   	  -   	  -   	  -   	  -   	  -   	  -   	  -   	  -   	  -   	  2 	  3 	  3 	  3 	  3 	  3 	  4 	  9 	  38 	  134 	  -   	  -   	  -   	  -   	  -   	  -   	  -   	  -   	  -   	  134 
WE	Wolf Empire	#D9743D	3143		  -   	  -   	  -   	  -   	  -   	  -   	  -   	  -   	  -   	  -   	  -   	  -   	  -   	  -   	  -   	  -   	  -   	  -   	  -   	  -   	  -   	  -   	  -   	  -   	  -   	  -   	  -   	  -   	  -   	  -   	  -   	  -   	  -   	  -   	  -   	  -   	  -   	  -   	  -   	  -   	  -   	  99 	  114 	  68 	  114 
IoS	Isle of Skye	#1861A3	2299	2341	  -   	  6 	  33 	  57 	  -   	  -   	  -   	  -   	  -   	  -   	  -   	  -   	  -   	  -   	  -   	  -   	  -   	  -   	  -   	  -   	  -   	  -   	  -   	  -   	  -   	  -   	  -   	  -   	  -   	  -   	  -   	  -   	  -   	  -   	  -   	  -   	  -   	  -   	  -   	  -   	  -   	  -   	  -   	  -   	  57 